Sequence,PRJEB21504*,DRA006094,PRJNA684584,,Classifier:,MLP,
GCAAGCGTTATCCGGATTTATTGGGCGTAAAGCGAGCGCAGGCGGTTTGATAAGTCTGATGTGAAAGCCTTTGGCTTAACCAAAGAAGTGCATCGGAAACTGTCAGACTTGAGTGCAGAAGAGGACAGTGGAACTCCATGTGTAGCGGTGGAATGCGTAGATATATGGAAGAACACCAGTGGCGAAGGCGGCTGTCTGGTCTGCAACTGACGCTGAGGCTCGAAAGCATGGGT,g-Lactobacillus,Yes,Yes,,,,
CCGAGCGTTATCCGGATTTATTGGGTTTAAAGGGAGCGTAGGTGGATTGTTAAGTCAGTTGTGAAAGTTTGCGGCTCAACCGTAAAATTGCAGTTGAAACTGGCAGTCTTGAGTACAGTAGAGGTGGGCGGAATTCGTGGTGTAGCGGTGAAATGCTTAGATATCACGAAGAACTCCGATTGCGAAGGCAGCTCACTAGACTGTTACTGACACTGATGCTCGAAAGTGTGGGT,g-Bacteroides,No,Yes,,,AUC,std
GCAAGCGTTATCCGGATTTACTGGGTGTAAAGGGAGCGTAGACGGCGAAGCAAGTCTGAAGTGAAAACCCAGGGCTCAACCCTGGGACTGCTTTGGAAACTGTTTTGCTAGAGTGTCGGAGAGGTAAGTGGAATTCCTAGTGTAGCGGTGAAATGCGTAGATATTAGGAGGAACACCAGTGGCGAAGGCGGCTTACTGGACGATAACTGACGTTGAGGCTCGAAAGCGTGGGG,g-Lachnoclostridium,Yes,Yes,,PRJEB21504*,0.99,0.02
GCAAGCGTTATCCGGATTTACTGGGTGTAAAGGGAGCGTAGACGGTATGGCAAGTCTGATGTGAAAGGCCAGGGCTCAACCCTGGGACTGCATTGGAAACTGTCGAACTAGAGTGTCGGAGAGGCAAGTGGAATTCCTAGTGTAGCGGTGAAATGCGTAGATATTAGGAGGAACACCAGTGGCGAAGGCGGCTTGCTGGACGATGACTGACGTTGAGGCTCGAAAGCGTGGGG,g-[Ruminococcus] torques group,No,Yes,,DRA006094,0.83,0.16
GCAAGCGTTATCCGGAATTATTGGGCGTAAAGGGCTCGTAGGCGGTTCGTCGCGTCCGGTGTGAAAGTCCATCGCTTAACGGTGGATCCGCGCCGGGTACGGGCGGGCTTGAGTGCGGTAGGGGAGACTGGAATTCCCGGTGTAACGGTGGAATGTGTAGATATCGGGAAGAACACCAATGGCGAAGGCAGGTCTCTGGGCCGTCACTGACGCTGAGGAGCGAAAGCGTGGGG,g-Bifidobacterium,Yes,Yes,,PRJNA684584,0.68,0.1
CCGAGCGTTATCCGGATTTATTGGGTTTAAAGGGAGCGTAGATGGATGTTTAAGTCAGTTGTGAAAGTTTGCGGCTCAACCGTAAAATTGCAGTTGATACTGGATATCTTGAGTGCAGTTGAGGCAGGCGGAATTCGTGGTGTAGCGGTGAAATGCTTAGATATCACGAAGAACTCCGATTGCGAAGGCAGCCTGCTAAGCTGCAACTGACATTGAGGCTCGAAAGTGTGGGT,g-Bacteroides,Yes,Yes,,,,
GCAAGCGTTATCCGGATTTACTGGGTGTAAAGGGAGCGCAGACGGCGATGCAAGTCTGGAGTGAAAGCCCGGGGCTCAACCCCGGGACTGCTTTGGAAACTGTATGGCTAGAGTGCTGGAGAGGCAAGCGGAATTCCTAGTGTAGCGGTGAAATGCGTAGATATTAGGAAGAACACCAGTGGCGAAGGCGGCTTGCTGGACAGTAACTGACGTTCAGGCTCGAAAGCGTGGGG,g-Lachnoclostridium,No,Yes,,*Discovery,,
GCAAGCGTTATCCGGATTTACTGGGTGTAAAGGGAGCGTAGACGGCGAGACAAGTCTGAAGTGAAAGCCCGGGGCTCAACCCCGGGACTGCTTTGGAAACTGCCTTGCTAGAGTGCTGGAGAGGTAAGTGGAATTCCTAGTGTAGCGGTGAAATGCGTAGATATTAGGAGGAACACCAGTGGCGAAGGCGGCTTACTGGACAGTAACTGACGTTGAGGCTCGAAAGCGTGGGG,f-Lachnospiraceae,No,Yes,,,,
CCGGGCGTTATCCGGATTTATTGGGTTTAAAGGGAGCGCAGGCCGTCCTTTAAGCGTGCTGTGAAATGCCGCGGCTCAACCGTGGCACTGCAGCGCGAACTGGAGGACTTGAGTACGCACGAGGTAGGCGGAATTCGTGGTGTAGCGGTGAAATGCTTAGATATCACGAAGAACTCCGATTGCGAAGGCAGCTTACCGGAGCGCAACTGACGCTGAGGCTCGAAAGCGCGGGT,g-Prevotellaceae NK3B31 group,Yes,Yes,,,,
GCGAGCGTTATCCGGATTCATTGGGCGTAAAGCGCGCGTAGGCGGCCCGGCAGGCCGGGGGTCGAAGCGGGGGGCTCAACCCCCCGAAGCCCCCGGAACCTCCGCGGCTTGGGTCCGGTAGGGGAGGGTGGAACACCCGGTGTAGCGGTGGAATGCGCAGATATCGGGTGGAACACCGGTGGCGAAGGCGGCCCTCTGGGCCGAGACCGACGCTGAGGCGCGAAAGCTGGGGG,g-Collinsella,Yes,Yes,,,,
CCAAGCGTTATCCGGATTTATTGGGTTTAAAGGGTGCGTAGGCGGTTTAGTAAGTCAGCGGTGAAATTTTGGTGCTTAACACCAAACGTGCCGTTGATACTGCTGGGCTAGAGAGTAGTTGCGGTAGGCGGAATGTATGGTGTAGCGGTGAAATGCTTAGAGATCATACAGAACACCGATTGCGAAGGCAGCTTACCAAACTATATCTGACGTTGAGGCACGAAAGCGTGGGG,g-Alistipes,No,Yes,,,,
GCGAGCGTTATCCGGATTTATTGGGTTTAAAGGGAGCGTAGACGGGTCGTTAAGTCAGCTGTGAAAGTTCGGGGCTCAACCTTGAAATTGCAGTTGATACTGGCGTCCTTGAGTACGGTTGAGGCAGGCGGAATTCGTGGTGTAGCGGTGAAATGCTTAGATATCACGAAGAACCCCGATTGCGAAGGCAGCCTGCTAAGCCGCGACTGACGTTGAGGCTCGAAAGTGTGGGT,g-Bacteroides,No,No,,,,
GCAAGCGTTATCCGGAATTACTGGGTGTAAAGGGAGCGTAGGCGGCATGGTAAGCCAGATGTGAAAGCCTTGGGCTTAACCCGAGGATTGCATTTGGAACTATCAAGCTAGAGTACAGGAGAGGAAAGCGGAATTCCTAGTGTAGCGGTGAAATGCGTAGATATTAGGAAGAACACCAGTGGCGAAGGCGGCTTTCTGGACTGAAACTGACGCTGAGGCTCGAAAGCGTGGGG,f-Lachnospiraceae,No,Yes,,,,
GCAAGCGTTATCCGGATTTACTGGGTGTAAAGGGAGCGTAGACGGCGCAGCAAGTCTGATGTGAAAGGCAGGGGCTTAACCCCTGGACTGCATTGGAAACTGCTGTGCTTGAGTGCCGGAGGGGTAAGCGGAATTCCTAGTGTAGCGGTGAAATGCGTAGATATTAGGAGGAACACCAGTGGCGAAGGCGGCTTACTGGACGGTAACTGACGTTGAGGCTCGAAAGCGTGGGG,f-Lachnospiraceae,No,Yes,,,,
ACAAGCGTTGTCCGGAATTACTGGGTGTAAAGGGAGCGCAGGCGGGCGATCAAGTTGGAAGTGAAATCCATGGGCTCAACCCATGAACTGCTTTCAAAACTGATTGTCTTGAGTAGTGCAGAGGTAGGCGGAATTCCCGGTGTAGCGGTGGAATGCGTAGATATCGGGAGGAACACCAGTGGCGAAGGCGGCCTACTGGGCACCAACTGACGCTGAGGCTCGAAAGTGTGGGT,g-Faecalibacterium,No,No,,,,
GCTAGCGTTATCCGGATTTACTGGGCGTAAAGGGTGCGTAGGCGGTCTTTTAAGTCAGGAGTGAAAGGCTACGGCTCAACCGTAGTAAGCTCTTGAAACTGGAGGACTTGAGTGCAGGAGAGGAGAGTGGAATTCCTAGTGTAGCGGTGAAATGCGTAGATATTAGGAGGAACACCAGTAGCGAAGGCGGCTCTCTGGACTGTAACTGACGCTGAGGCACGAAAGCGTGGGG,g-Intestinibacter,No,Yes,,,,
GCAAGCGTTAATCGGAATTACTGGGCGTAAAGCGCACGCAGGCGGTCTGTCAAGTCGGATGTGAAATCCCCGGGCTCAACCTGGGAACTGCATTCGAAACTGGCAGGCTAGAGTCTTGTAGAGGGGGGTAGAATTCCAGGTGTAGCGGTGAAATGCGTAGAGATCTGGAGGAATACCGGTGGCGAAGGCGGCCCCCTGGACAAAGACTGACGCTCAGGTGCGAAAGCGTGGGG,o-Enterobacterales,No,Yes,,,,
GCAAGCGTTATCCGGATTTATTGGGCGTAAAGCGCGTCTAGGCGGTTTAGTAAGTCTGATGTGAAAATGCGGGGCTCAACCCCGTATTGCGTTGGAAACTGCTAAACTAGAGTACTGGAGAGGTAGGCGGAACTACAAGTGTAGAGGTGAAATTCGTAGATATTTGTAGGAATGCCGATGGGGAAGCCAGCCTACTGGACAGATACTGACGCTAAAGCGCGAAAGCGTGGGT,g-Fusobacterium,No,No,,,,
GCAAGCGTTGTCCGGATTTACTGGGTGTAAAGGGCGTGCAGCCGGGTCTGCAAGTCAGATGTGAAATCCATGGGCTCAACCCATGAACTGCATTTGAAACTGTAGATCTTGAGTGTCGGAGGGGCAATCGGAATTCCTAGTGTAGCGGTGAAATGCGTAGATATTAGGAGGAACACCAGTGGCGAAGGCGGATTGCTGGACGATAACTGACGGTGAGGCGCGAAAGTGTGGGG,c-Clostridia,No,Yes,,,,
GCAAGCGTTATCCGGAATTATTGGGCGTAAAGGGCTCGTAGGCGGTTCGTCGCGTCCGGTGTGAAAGTCCATCGCTTAACGGTGGATCTGCGCCGGGTACGGGCGGGCTGGAGTGCGGTAGGGGAGACTGGAATTCCCGGTGTAACGGTGGAATGTGTAGATATCGGGAAGAACACCAATGGCGAAGGCAGGTCTCTGGGCCGTTACTGACGCTGAGGAGCGAAAGCGTGGGG,g-Bifidobacterium,Yes,Yes,,,,
GCAAGCGTTATCCGGATTTACTGGGTGTAAAGGGAGCGTAGACGGTTTTGCAAGTCTGAAGTGAAAGCCCGGGGCTTAACCCCGGGACTGCTTTGGAAACTGTAGAACTAGAGTGCAGGAGAGGTAAGTGGAATTCCTAGTGTAGCGGTGAAATGCGTAGATATTAGGAGGAACACCAGTGGCGAAGGCGGCTTACTGGACTGTAACTGACGTTGAGGCTCGAAAGCGTGGGG,f-Lachnospiraceae,No,Yes,,,,
GCAAGCGTTATCCGGATTTACTGGGTGTAAAGGGAGCGTAGACGGACTGGCAAGTCTGATGTGAAAGGCGGGGGCTCAACCCCTGGACTGCATTGGAAACTGTTAGTCTTGAGTGCCGGAGAGGTAAGCGGAATTCCTAGTGTAGCGGTGAAATGCGTAGATATTAGGAGGAACACCAGTGGCGAAGGCGGCTTACTGGACGGTAACTGACGTTGAGGCTCGAAAGCGTGGGG,f-Lachnospiraceae,No,Yes,,,,
GCAAGCGTTATCCGGATTTACTGGGTGTAAAGGGAGCGTAGGTGGCAAGGCAAGCCAGAAGTGAAAACCCGGGGCTCAACCGCGGGATTGCTTTTGGAACTGTCATGCTAGAGTGCAGGAGGGGTGAGCGGAATTCCTAGTGTAGCGGTGAAATGCGTAGATATTAGGAGGAACACCGGAGGCGAAGGCGGCTCACTGGACTGTAACTGACACTGAGGCTCGAAAGCGTGGGG,g-Lachnospiraceae ND3007 group,No,Yes,,,,
GCAAGCGTTATCCGGATTTACTGGGTGTAAAGGGAGCGTAGGCGGCGGAGCAAGTCAGAAGTGAAAGCCCGGGGCTCAACCCCGGGACGGCTTTTGAAACTGCCCTGCTTGATTTCAGGAGAGGTAAGCGGAATTCCTAGTGTAGCGGTGAAATGCGTAGATATTAGGAGGAACACCAGTGGCGAAGGCGGCTTACTGGACTGACAATGACGCTGAGGCTCGAAAGCGTGGGG,f-Lachnospiraceae,No,Yes,,,,
ACAAGCGTTGTCCGGAATTACTGGGTGTAAAGGGAGCGCAGGCGGGAAGACAAGTTGGAAGTGAAATCTATGGGCTCAACCCATAAACTGCTTTCAAAACTGTTTTTCTTGAGTAGTGCAGAGGTAGGCGGAATTCCCGGTGTAGCGGTGGAATGCGTAGATATCGGGAGGAACACCAGTGGCGAAGGCGGCCTACTGGGCACCAACTGACGCTGAGGCTCGAAAGTGTGGGT,g-Faecalibacterium,Yes,Yes,,,,
GCAAGCGTTATCCGGAATTATTGGGCGTAAAGGGCTCGTAGGCGGTTCGTCGCGTCCGGTGTGAAAGTCCATCGCTTAACGGTGGATCCGCGCCGGGTACGGGCGGGCTTGAGTGCGGTAGGGGAGACTGGAATTCCCGGTGTAACGGTGGAATGTGTAGATATCGGGAAGAACACCAATGGCGAAGGCAGGTCTCTGGGCCGTTACTGACGCTGAGGAGCGAAAGCGTGGGG,g-Bifidobacterium,Yes,Yes,,,,
CCGAGCGTTATCCGGATTTATTGGGTTTAAAGGGAGCGTAGGTGGACTGGTAAGTCAGTTGTGAAAGTTTGCGGCTCAACCGTAAAATTGCAGTTGATACTGTCAGTCTTGAGTACAGTAGAGGTGGGCGGAATTCGTGGTGTAGCGGTGAAATGCTTAGATATCACGAAGAACTCCGATTGCGAAGGCAGCTCACTGGACTGCAACTGACACTGATGCTCGAAAGTGTGGGT,g-Bacteroides,Yes,Yes,,,,
GCAAGCGTTATCCGGATTTACTGGGTGTAAAGGGTGCGTAGGTGGCAGTGCAAGTCAGATGTGAAAGGCCGGGGCTCAACCCCGGAGCTGCATTTGAAACTGCATAGCTAGAGTACAGGAGAGGCAGGCGGAATTCCTAGTGTAGCGGTGAAATGCGTAGATATTAGGAGGAACACCAGTGGCGAAGGCGGCCTGCTGGACTGTTACTGACACTGAGGCACGAAAGCGTGGGG,f-Lachnospiraceae,Yes,Yes,,,,
GCAAGCGTTATCCGGATTTACTGGGTGTAAAGGGAGCGCAGGCGGTGCGGCAAGTCAGATGTGAAAACCCGGGGCTCAACCCCGGGACTGCATTTGAAACTGTCGGACTAGAGTGCCGGAGAGGTAAGTGGAATTCCTAGTGTAGCGGTGAAATGCGTAGATATTAGGAGGAACACCAGTGGCGAAGGCGGCTTACTGGACGGTAACTGACGCTGAGGCTCGAAAGCGTGGGG,g-Lachnospiraceae UCg-001,No,Yes,,,,
CCGAGCGTTATCCGGATTTATTGGGTTTAAAGGGTGCGTAGGTGGTTTTTTAAGTCAGCGGTGAAAGTTTGTGGCTCAACCATAAAATTGCCGTTGAAACTGGAGGACTTGAGTATGTTTGAGGTAGGCGGAATGCGTGGTGTAGCGGTGAAATGCATAGATATCACGCAGAACTCCAATTGCGAAGGCAGCTTACTAAACCATAACTGACACTGAAGCACGAAAGCGTGGGG,g-Parabacteroides,No,Yes,,,,
GCAAGCGTTGTCCGGATTTACTGGGTGTAAAGGGCGTGCAGCCGGGCATGCAAGTCAGATGTGAAATCTCAGGGCTTAACCCTGAAACTGCATTTGAAACTGTATGTCTTGAGTGCCGGAGAGGTAATCGGAATTCCTTGTGTAGCGGTGAAATGCGTAGATATAAGGAAGAACACCAGTGGCGAAGGCGGATTACTGGACGGTAACTGACGGTGAGGCGCGAAAGCGTGGGG,f-Oscillospiraceae,No,Yes,,,,
GCGAGCGTTGTCCGGATTTACTGGGTGTAAAGGGTGCGTAGGCGGCGAGGCAAGTCAGGCGTGAAATCTATGGGCTTAACCCATAAACTGCGCTTGAAACTGTCTTGCTTGAGTGAAGTAGAGGTAGGCGGAATTCCCGGTGTAGCGGTGAAATGCGTAGAGATCGGGAGGAACACCAGTGGCGAAGGCGGCCTACTGGGCTTTAACTGACGCTGAAGCACGAAAGCATGGGT,f-Ruminococcaceae,Yes,Yes,,,,
GCAAGCGTTATCCGGATTTACTGGGTGTAAAGGGAGTGTAGGTGGCCAGGCAAGTCAGAAGTGAAAGCCCGGGGCTCAACCCCGGGACTGCTTTTGAAACTGCAGGGCTAGAGTGCAGGAGGGGCAAGTGGAATTCCTAGTGTAGCGGTGAAATGCGTAGATATTAGGAGGAACACCAGTGGCGAAGGCGGCTTGCTGGACTGTAACTGACACTGAGGCTCGAAAGCGTGGGG,g-Lachnospira,No,Yes,,,,
GCGAGCGTTATCCGGAATTATTGGGCGTAAAGAGGGAGCAGGCGGCACTAAGGGTCTGTGGTGAAAGATCGAAGCTTAACTTCGGTAAGCCATGGAAACCGTAGAGCTAGAGTGTGTGAGAGGATCGTGGAATTCCATGTGTAGCGGTGAAATGCGTAGATATATGGAGGAACACCAGTGGCGAAGGCGACGATCTGGCGCATAACTGACGCTCAGTCCCGAAAGCGTGGGG,g-Erysipelotrichaceae UCg-003,Yes,Yes,,,,
CCGAGCGTTATCCGGATTTATTGGGTTTAAAGGGAGCGTAGGCGGATGCTTAAGTCAGTTGTGAAAGTTTGCGGCTCAACCGTAAAATTGCAGTTGATACTGGGTGTCTTGAGTACAGTAGAGGCAGGCGGAATTCGTGGTGTAGCGGTGAAATGCTTAGATATCACGAAGAACTCCGATTGCGAAGGCAGCTTGCTGGACTGTAACTGACGCTGATGCTCGAAAGTGTGGGT,g-Bacteroides,Yes,Yes,,,,
GCAAGCGTTGTCCGGATTTACTGGGTGTAAAGGGCGTGCAGCCGGGCCGGCAAGTCAGATGTGAAATCCACGGGCTTAACCCGTGAACTGCATTTGAAACTGTTGGTCTTGAGTATCGGAGAGGTAATCGGAATTCCTTGTGTAGCGGTGAAATGCGTAGATATAAGGAAGAACACCAGTGGCGAAGGCGGATTACTGGACGACAACTGACGGTGAGGCGCGAAAGCGTGGGG,c-Clostridia,No,Yes,,,,
GCAAGCGTTATCCGGATTTACTGGGTGTAAAGGGTGCGTAGGTGGTGAGACAAGTCTGAAGTGAAAATCCGGGGCTTAACCCCGGAACTGCTTTGGAAACTGCCTGACTAGAGTACAGGAGAGGTAAGTGGAATTCCTAGTGTAGCGGTGAAATGCGTAGATATTAGGAGGAACACCAGTGGCGAAGGCGACTTACTGGACTGCTACTGACACTGAGGCACGAAAGCGTGGGG,g-Coprococcus,No,Yes,,,,
CCGAGCGTTATCCGGATTTATTGGGTTTAAAGGGAGCGTAGATGGATGTTTAAGTCAGTTGTGAAAGTTTGCGGCTCAACCGTAAAATTGCAGTTGATACTGGATGTCTTGAGTGCAGTTGAGGCAGGCGGAATTCGTGGTGTAGCGGTGAAATGCTTAGATATCACGAAGAACTCCGATTGCGAAGGCAGCCTGCTAAGCTGCAACTGACATTGAGGCTCGAAAGTGTGGGT,g-Bacteroides,Yes,Yes,,,,
GCAAGCGTTGTCCGGAATTACTGGGTGTAAAGGGAGCGCAGGCGGACCGGCAAGTTGGAAGTGAAAACTATGGGCTCAACCCATAAATTGCTTTCAAAACTGCTGGCCTTGAGTAGTGCAGAGGTAGGTGGAATTCCCGGTGTAGCGGTGGAATGCGTAGATATCGGGAGGAACACCAGTGGCGAAGGCGACCTACTGGGCACCAACTGACGCTGAGGCTCGAAAGCATGGGT,f-Ruminococcaceae,Yes,Yes,,,,
GCAAGCGTTGTCCGGAATTATTGGGCGTAAAGCGCGCGCAGGCGGATTGGTCAGTCTGTCTTAAAAGTTCGGGGCTTAACCCCGTGATGGGATGGAAACTGCCAATCTAGAGTATCGGAGAGGAAAGTGGAATTCCTAGTGTAGCGGTGAAATGCGTAGATATTAGGAAGAACACCAGTGGCGAAGGCGACTTTCTGGACGAAAACTGACGCTGAGGCGCGAAAGCCAGGGG,g-Veillonella,No,Yes,,,,
GCAAGCGTTATCCGGATTTACTGGGTGTAAAGGGAGCGTAGACGGCATGGCAAGCCAGATGTGAAAGCCCGGGGCTCAACCCCGGGACTGCATTTGGAACTGTCAGGCTAGAGTGTCGGAGAGGAAAGCGGAATTCCTAGTGTAGCGGTGAAATGCGTAGATATTAGGAGGAACACCAGTGGCGAAGGCGGCTTTCTGGACGATGACTGACGTTGAGGCTCGAAAGCGTGGGG,f-Lachnospiraceae,Yes,Yes,,,,
TCAAGCGTTATCCGGATTTATTGGGTTTAAAGGGTGCGTAGGCGGTCTGATAAGTTAGAGGTGAAATCCCGGGGCTTAACTCCGGAATTGCCTCTGATACTGTTGGGCTAGAGAGTAGTTGCGGTAGGCGGAATGTATGGTGTAGCGGTGAAATGCTTAGAGATCATACAGAACACCGATTGCGAAGGCAGCTTACCAAACTATATCTGACGTTGAGGCACGAAAGCGTGGGG,g-Alistipes,Yes,Yes,,,,
GCAAGCGTTGTCCGGATTTACTGGGTGTAAAGGGCGTGCAGCCGGGTGCGCAAGTCAGATGTGAAATCTCAGGGCTCAACCCTGAAACTGCATTTGAAACTGTGCATCTTGAGTGCCGGAGAGGTAATCGGAATTCCTTGTGTAGCGGTGAAATGCGTAGATATAAGGAAGAACACCAGTGGCGAAGGCGGATTACTGGACGGTAACTGACGGTGAGGCGCGAAAGCGTGGGG,g-UCg-003,No,Yes,,,,
GCAAGCGTTATCCGGATTTACTGGGTGTAAAGGGTGCGTAGGTGGCAGTGCAAGTCAGATGTGAAAGGCCGGGGCTCAACCCCGGAGCTGCATTTGAAACTGCATAGCTGGAGTACAGGAGAGGCAGGCGGAATTCCTAGTGTAGCGGTGAAATGCGTAGATATTAGGAGGAACACCAGTGGCGAAGGCGGCCTGCTGGACTGTTACTGACACTGAGGCACGAAAGCGTGGGG,g-[Eubacterium] hallii group,Yes,Yes,,,,
GCAAGCGTTGTCCGGATTTACTGGGTGTAAAGGGCGTGTAGGCGGAGAAGCAAGTCAGAAGTGAAATCCATGGGCTTAACCCATGAACTGCTTTTGAAACTGTTTCCCTTGAGTATCGGAGAGGCAGGCGGAATTCCTAGTGTAGCGGTGAAATGCGTAGATATTAGGAGGAACACCAGTGGCGAAGGCGGCCTGCTGGACGACAACTGACGCTGAGGCGCGAAAGCGTGGGG,f-Oscillospiraceae,No,No,,,,
GCGAGCGTTATCCGGAATTATTGGGTGTAAAGGGTGCGTAGACGGGAGAACAAGTTAGTTGTGAAATACCTCGGCTCAACTGAGGAACTGCAACTAAAACTGTACTTCTTGAGTGCAGGAGAGGTAAGTGGAATTCCTAGTGTAGCGGTGAAATGCGTAGATATTAGGAGGAACACCAGTGGCGAAGGCGACTTACTGGACTGTAACTGACGTTGAGGCACGAAAGTGTGGGG,o-Clostridia UCG-014,No,Yes,,,,
GCGAGCGTTGTCCGGAATGATTGGGCGTAAAGGGCGCGTAGGCGGCCTGCTAAGTCTGAAGTGAAAGTCCTGCTTTCAAGGTGGGAAGTGCTTTGGATACTGGTGGGCTGGAGTGCAGGAGAGGAAAGCGGAATTACCGGTGTAGCGGTGAAATGCGTAGAGATCGGTAGGAACACCAGTGGCGAAGGCGGCTTTCTGGACTGAAACTGACGCTGAGGCGCGAAAGCGTGGGG,g-Christensenellaceae R-7 group,No,Yes,,,,
CCGAGCGTTATCCGGATTTATTGGGTTTAAAGGGAGCGTAGGTGGATTGTTAAGTCAGTTGTGAAAGTTTGCGGCTCAACCGTAAAATTGCAGTTGAAACTGGCAGTCTTGAGTACAGTAGAGGTGGGCGGAATTCGTGGTGTAGCGGTGAAATGCTTAGATATCACGAAGAACTCCGATTGCGAAGGCAGCTCACTAGACTGCAACTGACACTGATGCTCGAAAGTGTGGGT,g-Bacteroides,Yes,Yes,,,,
GCAAGCGTTATCCGGATTTACTGGGTGTAAAGGGAGCGTAGACGGCAGTGCAAGTCTGAAGTGAAAGCCCGGGGCTCAACCCCGGGACTGCTTTGGAAACTGTGCAGCTAGAGTGTCGGAGAGGCAAGCGGAATTCCTAGTGTAGCGGTGAAATGCGTAGATATTAGGAGGAACACCAGTGGCGAAGGCGGCTTGCTGGACGATGACTGACGTTGAGGCTCGAAAGCGTGGGG,f-Lachnospiraceae,Yes,Yes,,,,
GCAAGCGTTATCCGGATTTACTGGGTGTAAAGGGAGCGCAGGCGGTGTGGCAAGTCTGATGTGAAAGCCCGGGGCTTAACCCCGGTACTGCATTGGAAACTGTCGTACTAGAGTGTCGGAGGGGTAAGCGGAATTCCTAGTGTAGCGGTGAAATGCGTAGATATTAGGAGGAACACCAGTGGCGAAGGCGGCTTACTGGACGATAACTGACGCTGAGGCTCGAAAGCGTGGGG,f-Lachnospiraceae,No,No,,,,
GCGAGCGTTGTCCGGAATGATTGGGCGTAAAGGGCGCGTAGGCGGCCTGCTAAGTCTGGAGTGAAAGTCCTGCTTTCAAGGTGGGAATTGCTTTGGATACTGGTGGGCTGGAGTGCAGGAGAGGAAAGCGGAATTACCGGTGTAGCGGTGAAATGCGTAGAGATCGGTAGGAACACCAGTGGCGAAGGCGGCTTTCTGGACTGAAACTGACGCTGAGGCGCGAAAGCGTGGGG,g-Christensenellaceae R-7 group,No,Yes,,,,
GCAAGCGTTGTCCGGATTTACTGGGTGTAAAGGGTGCGTAGGCGGCTTTGCAAGTCAGATGTGAAATCTATGGGCTCAACCCATAAACTGCATTTGAAACTGTAGAGCTTGAGTGAAGTAGAGGCAGGCGGAATTCCCCGTGTAGCGGTGAAATGCGTAGAGATGGGGAGGAACACCAGTGGCGAAGGCGGCCTGCTGGGCTTTAACTGACGCTGAGGCACGAAAGCGTGGGT,g-Ruminococcus,No,Yes,,,,
GCAAGCGTTGTCCGGATTTATTGGGCGTAAAGCGAGCGCAGGCGGAAAAATAAGTCTAATGTGAAAGCCCTCGGCTTAACCGAGGAACTGCATCGGAAACTGTTTTTCTTGAGTGCAGAAGAGGAGAGTGGAACTCCATGTGTAGCGGTGGAATGCGTAGATATATGGAAGAACACCAGTGGCGAAGGCGGCTCTCTGGTCTGCAACTGACGCTGAGGCTCGAAAGCATGGGT,g-Lactobacillus,Yes,Yes,,,,
