Sequence,PRJEB14674*,PRJNA742875,PRJEB27564,PRJNA594156,,Classifier:,Extra Trees,
AAGCGTTATCCGGAATTATTGGGCGTAAAGGGCTCGTAGGCGGTTCGTCGCGTCCGGTGTGAAAGTCCATCGCTTAACGGTGGATCCGCGCCGGGTACGGGCGGGCTTGAGTGCGGTAGGGGAGACTGGAATTCCCGG,g-Bifidobacterium,Yes,Yes,Yes,,,,
AAGCGTTATCCGGATTTACTGGGTGTAAAGGGAGCGTAGGTGGCAAGGCAAGCCAGAAGTGAAAACCCGGGGCTCAACCGCGGGATTGCTTTTGGAACTGTCATGCTAGAGTGCAGGAGGGGTGAGCGGAATTCCTAG,f-Lachnospiraceae,Yes,Yes,Yes,,,AUC,std
AAGCGTTGTCCGGATTTATTGGGCGTAAAGCGAGTGCAGGCGGTTCAATAAGTCTGATGTGAAAGCCTTCGGCTCAACCGGAGAATTGCATCAGAAACTGTTGAACTTGAGTGCAGAAGAGGAGAGTGGAACTCCATG,g-Lactobacillus,Yes,Yes,Yes,,PRJEB14674*,0.74,0.08
AAGCGTTATCCGGATTTACTGGGTGTAAAGGGTGCGTAGGTGGCAGTGCAAGTCAGATGTGAAAGGCCGGGGCTCAACCCCGGAGCTGCATTTGAAACTGCTCGGCTAGAGTACAGGAGAGGCAGGCGGAATTCCTAG,f-Lachnospiraceae,Yes,Yes,Yes,,PRJNA742875,0.64,0.09
AAGCGTTGTCCGGATTTACTGGGTGTAAAGGGCGTGTAGGCGGGAGAGCAAGTCAGAAGTGAAATCTATGGGCTTAACCCATAAACTGCTTTTGAAACTGTTCTTCTTGAGTATCGGAGAGGCAGGCGGAATTCCTAG,g-UCG-005,Yes,Yes,Yes,,PRJEB27564,0.71,0.11
AAGCGTTGTCCGGATTTACTGGGTGTAAAGGGCGTGCAGCCGGGTCTGCAAGTCAGATGTGAAATCCATGGGCTCAACCCATGAACTGCATTTGAAACTGTAGATCTTGAGTGTCGGAGGGGCAATCGGAATTCCTAG,f-Oscillospiraceae,Yes,Yes,Yes,,PRJNA594156,0.62,0.05
GAGCGTTGTCCGGAATTACTGGGCGTAAAGGGTGCGTAGGCGGTTTGGTAAGTTGGATGTGAAATACCCGGGCTTAACTTGGGGGCTGCATCCAATACTGTCGGACTTGAGTGCAGGAGAGGAAAGCGGAATTCCTAG,d-Bacteria,Yes,Yes,Yes,,,,
GAGCGTTATCCGGATTTATTGGGTTTAAAGGGTGCGTAGGCGGTTTGATAAGTTAGAGGTGAAAGCTCGATGCTCAACATCGAAATTGCCTCTGATACTGTCAGACTAGAGTGTAGTTGCGGAAGGCGGAATGTGTGG,g-Alistipes,Yes,Yes,Yes,,*Discovery,,
GAGCGTTATCCGGAATCATTGGGCGTAAAGAGGGAGCAGGCGGCAATAGAGGTCTGCGGTGAAAGCCTGAAGCTAAACTTCAGTAAGCCGTGGAAACCAAATAGCTAGAGTGCAGTAGAGGATCGTGGAATTCCATGT,f-Erysipelatoclostridiaceae,Yes,Yes,Yes,,,,
AAGCGTTATCCGGAATTACTGGGTGTAAAGGGTGCGTAGGTGGTATGGCAAGTCAGAAGTGAAAACCCAGGGCTTAACTCTGGGACTGCTTTTGAAACTGTCAGACTAGAGTGCAGGAGAGGTAAGCGGAATTCCTAG,f-Lachnospiraceae,Yes,Yes,Yes,,,,
AAGCGTTATCCGGATTTACTGGGTGTAAAGGGAGCGTAGACGGTGTGGCAAGTCTGATGTGAAAGGCATGGGCTCAACCTGTGGACTGCATTGGAAACTGTCATACTTGAGTGCCGGAGGGGTAAGCGGAATTCCTAG,f-Lachnospiraceae,Yes,Yes,Yes,,,,
GAGCGTTGTCCGGAATTATTGGGCGTAAAGAGCATGTAGGCGGCTTAATAAGTCGAGCGTGAAAATGCGGGGCTCAACCCCGTATGGCGCTGGAAACTGTTAGGCTTGAGTGCAGGAGAGGAAAGGGGAATTCCCAGT,g-Phascolarctobacterium,Yes,Yes,Yes,,,,
AAGCGTTATCCGGATTTACTGGGTGTAAAGGGAGCGTAGACGGCAAGGCAAGTCTGATGTGAAAACCCAGGGCTTAACCCTGGGACTGCATTGGAAACTGTCTGGCTCGAGTGCCGGAGAGGTAAGCGGAATTCCTAG,f-Lachnospiraceae,Yes,Yes,Yes,,,,
AAGCGTTATCCGGAATTACTGGGTGTAAAGGGAGCGTAGGCGGCATGGTAAGCCAGATGTGAAAGCCTTGGGCTTAACCCGAGGATTGCATTTGGAACTATCAAGCTAGAGTACAGGAGAGGAAAGCGGAATTCCTAG,f-Lachnospiraceae,Yes,Yes,Yes,,,,
AAGCGTTGTCCGGAATTACTGGGTGTAAAGGGAGCGTAGGCGGGGAGGCAAGTTGAATGTCTAAACTATCGGCTCAACTGATAGTCGCGTTCAAAACTGCCACTCTTGAGTGCAGTAGAGGTAGGCGGAATTCCTAGT,g-Negativibacillus,Yes,Yes,Yes,,,,
GAGCGTTATCCGGATTTATTGGGTTTAAAGGGTGCGCAGGTGGTCCTGCAAGTCAGTGGTGAAAAGCTGAGGCTCAACCTCAGCCTTGCCGTTGAAACTGCAAGACTTGAGAGTACATGATGTGGGCGGAATGCGTAG,g-Porphyromonas,Yes,Yes,No,,,,
AAGCGTTATCCGGATTTACTGGGTGTAAAGGGAGCGTAGACGGCAAGGCAAGTCTGAAGTGAAAGCCCGGTGCTTAACGCCGGGACTGCTTTGGAAACTGTTTAGCTGGAGTGCCGGAGAGGTAAGCGGAATTCCTAG,g-Lachnospiraceae UCG-008,Yes,Yes,Yes,,,,
GAGCGTTATCCGGATTTATTGGGTTTAAAGGGAGCGTAGATGGATGTTTAAGTCAGTTGTGAAAGTTTGCGGCTCAACCGTAAAATTGCAGTTGATACTGGATGTCTTGAGTGCAGTTGAGGCAGGCGGAATTCGTGG,g-Bacteroides,Yes,Yes,Yes,,,,
GAGCGTTGTCCGGATTTACTGGGTGTAAAGGGTGCGTAGGCGGCGAGGCAAGTCAGGCGTGAAATCTATGGGCTTAACCCATAAACTGCGCTTGAAACTGTCTTGCTTGAGTGAAGTAGAGGTAGGCGGAATTCCCGG,o-Oscillospirales,Yes,Yes,Yes,,,,
AAGCGTTGTCCGGATTTACTGGGTGTAAAGGGCGTGTAGGCGGAGATGCAAGTCAGATGTGAAATCCTCGGGCTTAACCCGGGAACTGCATTTGAAACTGTATCCCTTGAGTATCGGAGAGGCAGGCGGAATTCCTAG,c-Clostridia,Yes,Yes,Yes,,,,
AAGCGTTATCCGGATTTACTGGGTGTAAAGGGAGCGCAGGCGGCAGGGCAAGTCAGATGTGAAAGCCCGGGGCTCAACCCCGGGACTGCATTTGAAACTGTCCAGCTGGAGTACAGGAGAGGCAGGCGGAATTCCTAG,f-Lachnospiraceae,No,Yes,Yes,,,,
GGGCGTTATCCGGATTTATTGGGTTTAAAGGGAGCGTAGGCCGGAGATTAAGCGTGTTGTGAAATGTAGATGCTCAACATCTGAACTGCAGCGCGAACTGGTTTCCTTGAGTACGCACAAAGTGGGCGGAATTCGTGG,g-Prevotella,Yes,Yes,Yes,,,,
AAGCGTTAATCGGAATTACTGGGCGTAAAGCGCACGCAGGCGGTTTGTTAAGTCAGATGTGAAATCCCCGGGCTCAACCTGGGAACTGCATCTGATACTGGCAAGCTTGAGTCTCGTAGAGGGGGGTAGAATTCCAGG,c-Gammaproteobacteria,Yes,Yes,Yes,,,,
AAGCGTTATCCGGATTTATTGGGCGTAAAGCGAGCGCAGGCGGTTTTTTAAGTCTGATGTGAAAGCCCTCGGCTTAACCGAGGAAGCGCATCGGAAACTGGGAAACTTGAGTGCAGAAGAGGACAGTGGAACTCCATG,g-Lactobacillus,Yes,Yes,No,,,,
GAGCGTTATCCGGATTTATTGGGTTTAAAGGGCGCGTAGGCGGGACGCCAAGTCAGCGGTAAAAGACTGCAGCTAAACTGTAGCACGCCGTTGAAACTGGCGCCCTCGAGACGAGACGAGGGAGGCGGAACAAGTGAA,g-Butyricimonas,Yes,Yes,Yes,,,,
AAGCGTTAATCGGAATCACTGGGCGTAAAGCGCACGTAGGCGGCCTGGTAAGTCAGGGGTGAAATCCCACAGCCCAACTGTGGAACTGCCTTTGATACTGCCAGGCTTGAGTACCGGAGAGGGTGGCGGAATTCCAGG,g-Bilophila,Yes,Yes,Yes,,,,
AAGCGTTGTCCGGAATTATTGGGCGTAAAGCGCGCGCAGGCGGCTTCCCAAGTCCCTCTTAAAAGTGCGGGGCTTAACCCCGTGATGGGAAGGAAACTGGGAAGCTGGAGTATCGGAGAGGAAAGTGGAATTCCTAGT,g-Dialister,Yes,Yes,Yes,,,,
GAGCGTTATCCGGAATTATTGGGCGTAAAGAGCGCGCAGGTGGTTGATTAAGTCTGATGTGAAAGCCCACGGCTTAACCGTGGAGGGTCATTGGAAACTGGTCGACTTGAGTGCAGAAGAGGGAAGTGGAATTCCATG,c-Bacilli,Yes,Yes,Yes,,,,
AAGCGTTGTCCGGATTTATTGGGCGTAAAGCGAGCGCAGGCGGTTTCTTAAGTCTGATGTGAAAGCCCCCGGCTCAACCGGGGAGGGTCATTGGAAACTGGGAGACTTGAGTGCAGAAGAGGAGAGTGGAATTCCATG,o-Lactobacillales,Yes,Yes,Yes,,,,
AAGCGTTATCCGGATTTACTGGGTGTAAAGGGAGCGTAGACGGTAAAGCAAGTCTGAAGTGAAAGCCCGGGGCTCAACCCCGGGACTGCTTTGGAAACTGTTTAACTAGAGTGCTGGAGAGGTAAGCGGAATTCCTAG,f-Lachnospiraceae,Yes,Yes,Yes,,,,
AAGCGTTATCCGGATTTACTGGGTGTAAAGGGAGCGTAGACGGCGAGACAAGTCTGAAGTGAAAGCCCGGGGCTCAACCCCGGGACTGCTTTGGAAACTGCCTTGCTAGAGTGCTGGAGAGGTAAGTGGAATTCCTAG,f-Lachnospiraceae,Yes,Yes,Yes,,,,
AAGCGTTGTTCGGAATTACTGGGCGTAAAGGGTGTGTAGGCGGATTTGTAAGATAGTGGTGAAATACCTGAGCTCAACTTAGGAATTGCCATTATAACTATAGATCTGGAGTGACAGAGAGGATATTGGAATACCCAG,NA,Yes,Yes,Yes,,,,
GAGCGTTATCCGGATTTATTGGGTTTAAAGGGTGCGTAGGCGGCCTTTTAAGTCAGCGGTGAAAGTCTGTGGCTCAACCATAGAATTGCCGTTGAAACTGGGGGGCTTGAGTATGTTTGAGGCAGGCGGAATGCGTGG,g-Parabacteroides,Yes,Yes,Yes,,,,
AAGCGTTATCCGGATTTATTGGGTTTAAAGGGTGCGTAGGCGGTTTGATAAGTTAGAGGTGAAATACCGGTGCTTAACACCGGAACTGCCTCTAATACTGTTGAGCTAGAGAGTAGTTGCGGTAGGCGGAATGTATGG,g-Alistipes,Yes,Yes,Yes,,,,
GAGCGTTGTCCGGAATTACTGGGTGTAAAGGGAGCGTAGGCGGGAAGGCAAGTTGGATGTGAAAACTGTGGGCTCAACCTACAGACTGCATTCAAAACTGTTTTTCTTGAGTGAAGTAGAGGCAAGCGGAATTCCTAG,f-Ruminococcaceae,Yes,Yes,Yes,,,,
AAGCGTTATCCGGATTTACTGGGTGTAAAGGGAGCGTAGACGGCGCTGCAAGTCTGAAGTGAAAGCCCGGGGCTCAACCCCGGGACTGCTTTGGAAACTGTAATGCTAGAGTGCTGGAGAGGTAAGTGGAATTCCTAG,f-Lachnospiraceae,Yes,Yes,Yes,,,,
GAGCGTTATCCGGATTTATTGGGTTTAAAGGGAGCGTAGATGGATGTTTAAGTCAGTTGTGAAAGTTTGCGGCTCAACCGTAAAATTGCAGTTGATACTGGATATCTTGAGTGCAGTTGAGGCAGGCGGAATTCGTGG,g-Bacteroides,Yes,Yes,Yes,,,,
AAGCGTTATCCGGAATTATTGGGCGTAAAGCGCGCGTAGGCGGTTTTTTAAGTCTGATGTGAAAGCCCACGGCTCAACCGTGGAGGGTCATTGGAAACTGGAAAACTTGAGTGCAGAAGAGGAAAGTGGAATTCCATG,g-Staphylococcus,Yes,No,No,,,,
AAGCGTTGTCCGGATTTACTGGGTGTAAAGGGCGTGTAGGCGGAGCTGCAAGTCAGATGTGAAATCTCCGGGCTTAACCCGGAAACTGCATTTGAAACTGTAGTCCTTGAGTATCGGAGAGGCAAGCGGAATTCCTAG,o-Oscillospirales,Yes,Yes,Yes,,,,
AAGCGTTATCCGGATTTACTGGGTGTAAAGGGCGCGCAGGCGGGCCGGTAAGTTGGAAGTGAAATCTATGGGCTTAACCCATAAACTGCTTTCAAAACTGCTGGTCTTGAGTGATGGAGAGGCAGGCGGAATTCCGTG,g-Butyricicoccus,Yes,Yes,Yes,,,,
GAGCGTTGTCCGGAATTACTGGGCGTAAAGGGAGCGTAGGCGGTCGATTAAGTTAGATGTGAAACCCCCGGGCTTAACTTGGGGACTGCATCTAATACTGGTTGACTTAGAGTACAGGAGAGGGAAGCGGAATTCCTA,c-Clostridia,Yes,Yes,Yes,,,,
GAGCGTTGTCCGGAATTACTGGGCGTAAAGAGCTCGTAGGTGGTTTGTCGCGTCGTCTGTGAAATTCCGGGGCTTAACTTCGGGCGTGCAGGCGATACGGGCATAACTTGAGTGCTGTAGGGGAGACTGGAATTCCTG,g-Corynebacterium,No,No,No,,,,
GAGCGTTGTCCGGAATTACTGGGTGTAAAGGGTGCGTAGGCGGGAAAGCAAGTCAGGCGTGAAAACTATCGGCTTAACTGGTAGACTGCGTTTGAAACTGTTTTTCTTGAGTGAAGTAGAGGTAGGCGGAATTCCCGG,g-Caproiciproducens,Yes,Yes,Yes,,,,
AAGCGTTATCCGGAATTACTGGGTGTAAAGGGAGCGTAGGCGGCACGCCAAGCCAGATGTGAAAGCCCGAGGCTTAACCTCGCGGATTGCATTTGGAACTGGCGAGCTAGAGTACAGGAGAGGAAAGCGGAATTCCTA,g-Lachnospiraceae UCG-010,Yes,Yes,Yes,,,,
GAGCGTTATCCGGATTTATTGGGTTTAAAGGGAGCGTAGGTGGATTGTTAAGTCAGTTGTGAAAGTTTGCGGCTCAACCGTAAAATTGCAGTTGATACTGGCAGTCTTGAGTACAGTAGAGGTGGGCGGAATTCGTGG,g-Bacteroides,Yes,Yes,Yes,,,,
AAGCGTTGTCCGGATTTACTGGGTGTAAAGGGCGTGTAGCCGGAGAGACAAGTCAGATGTGAAATCCGCGGGCTCAACCCGCGAACTGCATTTGAAACTGTTTCCCTTGAGTATCGGAGAGGTAACCGGAATTCCTAG,g-Oscillospira,Yes,Yes,Yes,,,,
GAGCGTTATCCGGATTTATTGGGTTTAAAGGGTGCGTAGGCGGCCTTTTAAGTCAGCGGTGAAAGTCTGTGGCTCAACCATAGAATTGCCGTTGAAACTGGGAGGCTTGAGTATGTTTGAGGCAGGCGGAATGCGTGG,g-Parabacteroides,No,Yes,Yes,,,,
AAGCGTTATCCGGAATTATTGGGCGTAAAGAGGGAGCAGGCGGCAGCAAGGGTCTGTGGTGAAAGCCTGAAGCTTAACTTCAGTAAGCCATAGAAACCAGGCAGCTAGAGTGCAGGAGAGGATCGTGGAATTCCATGT,g-Erysipelatoclostridium,Yes,Yes,Yes,,,,
AAGCGTTATCCGGATTTACTGGGTGTAAAGGGCGTGTAGGCGGGATCGCAAGTCAGATGTGAAAACTGGAGGCTCAACCTCCAGCCTGCATTTGAAACTGTGGTTCTTGAGTACTGGAGAGGCAGACGGAATTCCTAG,g-Colidextribacter,Yes,Yes,Yes,,,,
AAGCGTTGTCCGGATTTACTGGGTGTAAAGGGTGCGTAGGCGGATCTGCAAGTCAGTAGTGAAATCCCAGGGCTTAACCCTGGAACTGCTATTGAAACTGTGGGTCTTGAGTGAGGTAGAGGCAGGCGGAATTCCCGG,g-DTU089,Yes,Yes,Yes,,,,
GAGCGTTATCCGGATTTATTGGGTTTAAAGGGCGCGTAGGCGGGACGCCAAGTCAGCGGTAAAAGACTGCAGCTAAACTGTAGCACGCCGTTGAAACTGGCGACCTGGAGACGAGACGAGGGAGGCGGAACAAGTGAA,g-Butyricimonas,Yes,Yes,Yes,,,,
AAGCGTTATCCGGATTTACTGGGTGTAAAGGGAGCGTAGACGGAATGGCAAGTCTGATGTGAAAGGCCGGGGCTCAACCCCGGGACTGCATTGGAAACTGTCAATCTAGAGTACCGGAGGGGTAAGTGGAATTCCTAG,f-Lachnospiraceae,Yes,Yes,Yes,,,,
GAGCGTTATCCGGATTTATTGGGTTTAAAGGGAGCGTAGGCGGGTTGTTAAGTCAGTTGTGAAAGTTTGCGGCTCAACCGTAAAATTGCAGTTGATACTGGCGACCTTGAGTGCAACAGAGGTAGGCGGAATTCGTGG,g-Bacteroides,Yes,Yes,Yes,,,,
AAGCGTTATCCGGATTTACTGGGTGTAAAGGGAGCGTAGACGGCGAGGCAAGTCTGATGTGAAAACCCGGGGCTCAACCCCGTGACTGCATTGGAAACTGTTTTGCTTGAGTGCCGGAGAGGTAAGCGGAATTCCTAG,f-Lachnospiraceae,Yes,Yes,Yes,,,,
AAGCGTTATCCGGATTTATTGGGTTTAAAGGGTGCGTAGGCGGCACGCCAAGTCAGCGGTGAAATTTCCGGGCTCAACCCGGAGTGTGCCGTTGAAACTGGCGAGCTAGAGTACACAAGAGGCAGGCGGAATGCGTGG,g-Barnesiella,Yes,Yes,Yes,,,,
AAGCGTTGTCCGGAATTACTGGGTGTAAAGGGAGCGCAGGCGGACCGGCAAGTTGGAAGTGAAAACTATGGGCTCAACCCATAAATTGCTTTCAAAACTGCTGGCCTTGAGTAGTGCAGAGGTAGGTGGAATTCCCGG,f-Ruminococcaceae,Yes,Yes,Yes,,,,
AAGCGTTGTCCGGATTTACTGGGTGTAAAGGGCGCGTAGGCGGAGAGACAAGTCAGATGTGAAATCTATGGGCTTAACCCATAAACTGCATTTGAAACTATCTCCCTTGAGTGATGGAGAGGCAAGCGGAATTCCTAG,c-Clostridia,Yes,Yes,Yes,,,,
AAGCGTTATCCGGATTTACTGGGTGTAAAGGGAGCGTAGACGGCTTAGCAAGTCTGAAGTGAAAGCCCGGGGCTCAACCCCGGGACTGCTTTGGAAACTGTTAAGCTGGAGTGCTGGAGAGGTAAGCGGAATTCCTAG,f-Lachnospiraceae,Yes,Yes,Yes,,,,
AAGCGTTGTCCGGATTTACTGGGTGTAAAGGGCGTGCAGCCGGGCCGGCAAGTCAGATGTGAAATCCACGAGCTTAACTCGTGAACTGCATTTGAAACTGTTGGTCTTGAGTATCGGAGAGGTAATCGGAATTCCTTG,c-Clostridia,Yes,Yes,Yes,,,,
AAGCGTTATCCGGATTTACTGGGTGTAAAGGGAGCGTAGACGGCGCAGCAAGTCTGATGTGAAAGGCAGGGGCTTAACCCCTGGACTGCATTGGAAACTGCTGTGCTTGAGTGCCGGAGGGGTAAGCGGAATTCCTAG,f-Lachnospiraceae,Yes,Yes,Yes,,,,
AAGCGTTATCCGGATTTACTGGGTGTAAAGGGAGCGCAGGCGGTCTGGCAAGTCTGATGTGAAAATCCGGGGCTCAACTCCGGAACTGCATTGGAAACTGTCAGACTAGAGTGTCGGAGAGGTAAGTGGAATTCCTAG,g-Lachnospiraceae UCG-001,Yes,Yes,Yes,,,,
GAGCGTTATCCGGATTCATTGGGCGTAAAGCGCGCGTAGGCGGCCCGGCAGGCAGGGGGTCAAATGGCGGGGCTCAACCCCGTCCCGCCCCCTGAACCGCCGGGCTCGGGTCCGGTAGGGGAGGGTGGAACACCCGGT,g-Collinsella,No,Yes,No,,,,
AAGCGTTATCCGGATTTACTGGGTGTAAAGGGAGCGTAGACGGAGTGGCAAGTCTGATGTGAAAACCCGGGGCTCAACCCCGGGACTGCATTGGAAACTGTCAATCTAGAGTACCGGAGAGGTAAGCGGAATTCCTAG,f-Lachnospiraceae,Yes,Yes,Yes,,,,
AAGCGTTAATCGGAATTACTGGGCGTAAAGCGCACGCAGGCGGTCTGTCAAGTCGGATGTGAAATCCCCGGGCTCAACCTGGGAACTGCATTCGAAACTGGCAGGCTAGAGTCTTGTAGAGGGGGGTAGAATTCCAGG,f-Enterobacteriaceae,Yes,Yes,Yes,,,,
AAGCGTTATCCGGAATTACTGGGTGTAAAGGGTGAGTAGGCGGCACGGCAAGTAAGATGTGAAAGCCCACGGCTTAACTGTGGGATTGCATTTTAAACTGTTGAGCTAGAGTACAGGAGAGGAAAGCGGAATTCCTAG,d-Bacteria,No,Yes,Yes,,,,
GAGCGTTGTCCGGATTTATTGGGCGTAAAGGGAGCGCAGGCGGTCAGGAAAGTCTGGAGTAAAAGGCTATGGCTCAACCATAGTGTGCTCTGGAAACTGTCTGACTTGAGTGCAGAAGGGGAGAGTGGAATTCCATGT,NA,Yes,Yes,Yes,,,,
AAGCGTTATCCGGATTTACTGGGTGTAAAGGGAGCGCAGGCGGTGCGGCAAGTCTGATGTGAAAGCCCGGGGCTCAACCCCGGGACTGCATTGGAAACTGTCGTACTTGAGTATCGGAGAGGTAAGTGGAATTCCTAG,g-Roseburia,Yes,Yes,Yes,,,,
GAGCGTTATCCGGATTTATTGGGTTTAAAGGGAGCGTAGACGGGTTTTTAAGTCAGCTGTGAAAGTTTGGGGCTCAACCTTAAAATTGCAGTTGAAACTGGAGACCTTGAGTACGGTTGAGGCAGGCGGAATTCGTGG,g-Bacteroides,Yes,Yes,Yes,,,,
AAGCGTTATCCGGATTTACTGGGTGTAAAGGGCGCGTAGGCGGGGATGCAAGTCAGATGTGAAATCTATGGGCTTAACCCATAAACTGCATTTGAAACTGTATCTCTTGAGTGCTGGAGAGGTAGACGGAATTCCTTG,c-Clostridia,Yes,Yes,Yes,,,,
AAGCGTTATCCGGATTTACTGGGTGTAAAGGGAGCGTAGACGGCGACGCAAGTCTGGAGTGAAAGCCCGGGGCCCAACCCCGGGACTGCTTTGGAAACTGTGTTGCTGGAGTGCAGGAGAGGTAAGTGGAATTCCTAG,g-Lachnoclostridium,Yes,No,Yes,,,,
AAGCGTTGTCCGGAATTATTGGGCGTAAAGCGCGCGCAGGCGGTCACTTAAGTCCATCTTAGAAGTGCGGGGCTTAACCCCGTGATGGGATGGAAACTGGGAGACTGGAGTATCGGAGAGGAAAGTGGAATTCCTAGT,g-Dialister,Yes,No,No,,,,
AAGCGTTATCCGGATTTACTGGGTGTAAAGGGCGCGCAGGCGGGCCGGTAAGTTGGAAGTGAAATCCCGGGGCTTAACCCCGGAACTGCTTTCAAAACTGCTGGTCTTGAGTGATGGAGAGGCAGGCGGAATTCC,g-Butyricicoccus,No,No,No,,,,
AAGCGTTAATCGGAATTACTGGGCGTAAAGCGTGTGTAGGCGGTTCGGAAAGAAAGATGTGAAATCCCAGGGCTCAACCTTGGAACTGCATTTTTAACTGCCGAGCTAGAGTATGTCAGAGGGGGGTAGAATTCCACG,g-Alcaligenes,No,No,No,,,,
AAGCGTTATCCGGATTTACTGGGTGTAAAGGGAGCGCAGGCGGTGCGGCAAGTCTGATGTGAAAGCCCGGGGCTCAACCGCGGGACTGCATTGGAAACTGTCGTACTAGAGTGTCGGAGAGGTAAGTGGAATTCCTAG,f-Lachnospiraceae,Yes,Yes,Yes,,,,
AAGCGTTGTCCGGAATTATTGGGCGTAAAGCGCGCGCAGGCGGCTTCCTAAGTCCATCTTAAAAGTGCGGGGCTTAACCCCGTGAGGGGATGGAAACTGGAAAGCTGGAGTATCGGAGAGGAAAGTGGAATTCCTAGT,g-Dialister,No,No,No,,,,
GAGCGTTAATCGGAATAACTGGGCGTAAAGGGCACGCAGGCGGTGACTTAAGTGAGGTGTGAAAGCCCCGGGCTTAACCTGGGAATTGCATTTCATACTGGGTCGCTAGAGTACTTTAGGGAGGGGTAGAATTCCACG,f-Pasteurellaceae,Yes,Yes,Yes,,,,
AAGCGTTATCCGGATTTATTGGGTTTAAAGGGTGCGTAGGCGGCAGATTAAGTTAGAGGTGAAATTCCGAGGCTCAACCTTGGCACTGCCTCTGATACTGGTTTGCTAGCGAGTAGATGCTGTAGGCGGAATGTGTGG,UCG-011,Yes,Yes,Yes,,,,
AAGCGTTACTCGGAATCACTGGGCGTAAAGGACGCGTAGGCGGATTATCAAGTCTCTTGTGAAATCCTATGGCTTAACCATAGAACTGCTTGGGAAACTGATAATCTAGAGTGAGGGAGAGGCAGATGGAATTGGTGG,g-Campylobacter,Yes,Yes,Yes,,,,
GAGCGTTATCCGGAATTATTGGGCGTAAAGGGTGCGCAGGCGGTTTGAAAAGTTTAAGGTGAAAGCGTGGGGCTTAACCCCATATAGCCTTAGAAACTGTCAGACTAGAGTACAGGAGAGGGCAATGGAATTCCATGT,g-Holdemania,No,Yes,No,,,,
AAGCGTTGTCCGGAATGATTGGGCGTAAAGGGCGCGTAGGCGGCCTGATAAGTTTGAAGTGAAAGTCCTTCTTTTAAGGAGGGAACTGCTTTGAAAACTGTCGGGCTTGAGTGCAGGAGAGGTAAGCGGAATTCCCGG,f-UCG-011,Yes,Yes,Yes,,,,
AAGCGTTGTCCGGAATTACTGGGTGTAAAGGGAGCGTAGGCGGGAAGATAAGTTGGACGTTTAATCTATCGGCTCAACCGATATCAGCGTTCAAAACTGTTTTTCTTGAGTGAAGTAGAGGTAAGCGGAATTCCTAGT,o-Oscillospirales,Yes,Yes,Yes,,,,
GAGCGTTGTTCGGATTTATTGGGCGTAAAGGGTCTGTAGGAGGTTCGTTAAATACGAGGTGAAATCCCGAAGCTCAACTTCGGAACTGCCTTGTAGACTGACGGACTAGAGTACCGGAGAGGTAAGCGGAATACCAGG,g-Victivallis,Yes,Yes,Yes,,,,
AAGCGTTATCCGGAATTATTGGGCGTAAAGAGGGAGCAGGCGGCAGCAAGGGTCTGTGGTGAAAGACTGAAGCTTAACTTCAGTAAGCCATAGAAACCGGGCAGCTAGAGTGCAGGAGAGGATCGTGGAATTCCATGT,g-Erysipelatoclostridium,Yes,Yes,No,,,,
GAGCGTTGTCCGGAATGACTGGGTGTAAAGGGAGCGTAGGCGGGATGGCAAGTCAGATGTGAAACCTGAGGGCTCAACCTTCAGACTGCATTTGAAACTGCTGTTCTTGAGTGAAGTAGAGGTAAGCGGAATTCCTGG,g-Ruminococcus,Yes,Yes,Yes,,,,
