Sequence,PRJNA325931*,PRJNA554535,PRJEB53017,,Classifier:,MLP,
CGTTATCCGGAATTATTGGGCGTAAAGAGCGCGCAGGTGGTTGATTAAGTCTGATGTGAAAGCCCACGGCTTAACCGTGGAGGGTCATTGGAAACTGGTCGACTTGAGTGCAGAAGAGGGAAGTGGAATTCCATGTGTAGCGGTGAAATGCGTAGAGATATGGAGGAACACCAGTGGCGAAGGCGGCTTCCTGGTCTGTAACTGACACTGAGGCGCGAAAGCG,g-Turicibacter,Yes,Yes,,,,
CGTTGTCCGGATTTACTGGGTGTAAAGGGCGTGTAGGCGGGTAGACAAGTCAGATGTGAAATACCGGGGCTCAACTCCGGGGCTGCATTTGAAACTGTATATCTTGAGTGTCGGAGAGGAAAGCGGAATTCCTAGTGTAGCGGTGAAATGCGTAGATATTAGGAGGAACACCAGTGGCGAAGGCGGCTTTCTGGACGATAACTGACGCTGAGGCGCGAAAGCG,g-Monoglobus,No,No,,,AUC,std
CGTTGTCCGGAATTACTGGGTGTAAAGGGTGCGTAGGCGGGAAAGCAAGTCAGGCGTGAAAACTATCGGCTTAACTGGTAGACTGCGTTTGAAACTGTTTTTCTTGAGTGAAGTAGAGGTAGGCGGAATTCCCGGTGTAGCGGTGGAATGCGTAGAGATCGGGAGGAACACCAGTGGCGAAGGCGGCCTACTGGGCTTTAACTGACGCTGAGGCACGAAAGCA,o-Oscillospirales,No,No,,PRJNA325931*,0.88,0.11
CGTTATCCGGATTTACTGGGTGTAAAGGGAGCGTAGACGGCGCAGCAAGTCTGATGTGAAAGGCAGGGGCTTAACCCCTGGACTGCATTGGAAACTGCTGTGCTTGAGTGCCGGAGGGGTAAGCGGAATTCCTAGTGTAGCGGTGAAATGCGTAGATATTAGGAGGAACACCAGTGGCGAAGGCGGCTTACTGGACGGTAACTGACGTTGAGGCTCGAAAGCG,f-Lachnospiraceae,Yes,Yes,,PRJNA554535,0.71,0.16
CGTTATCCGGATTTATTGGGTTTAAAGGGAGCGCAGGCCGCCGGGCAAGCGTGTTGTGAAATGCAGTCGCTCAACGTCTGCACTGCAGCGCGAACTGCCCAGCTTGAGTGCGCGCAACGTTGGCGGAATTCGCCGTGTAGCGGTGAAATGCTTAGATATGGCGAAGAACTCCGATTGCGAAGGCAGCTGACGGGTGCGTAACTGACGCTCATGCTCGAAAGTG,o-Bacteroidales,No,Yes,,PRJEB53017,0.66,0.09
CGTTATCCGGAATTACTGGGTGTAAAGGGAGCGCAGGCGGGATAGCAAGTCAGCGGTGAAATGCATGGGCTTAACTCATGAGCTGCCGTTGAAACTGTTATTCTTGAGTGGAGTAGAGGCAGGCGGAATTCCGAGTGTAGCGGTGAAATGCGTAGATATTCGGAGGAACACCAGTGGCGAAGGCGGCCTGCTGGGCTCTAACTGACGCTGAGGCTCGAAAGTG,f-[Eubacterium] coprostanoligenes group,Yes,Yes,,,,
CGTTGTCCGGAATGATTGGGCGTAAAGGGCGCGTAGGCGGCCTGGTAAGTCTGAAGTGAAAGTCCCGCTTTCAAGGTGGGAATTGCTTTGGATACTGCTGGGCTCGAGTGCAGGAGAGGAAAGCGGAATTCCCGGTGTAGCGGTGAAATGCGTAGAGATCGGGAGGAACACCAGTGGCGAAGGCGGCTTTCTGGACTGTAACTGACGCTGAGGCGCGAAAGCG,p-Firmicutes,No,No,,*Discovery,,
CGTTATCCGGATTCATTGGGCGTAAAGCGCGCGTAGGCGGCCTGGCAGGCCGGGAGTCAAATCCGGGGGCTCAACCCCCGCCCGCTCCCGGAACCTTTAGGCTTGAGTCTGGCAGGGGAGGGTGGAATACCCGGTGTAGCGGTGGAATGCGCAGATATCGGGTAGAACACCGGTGGCGAAGGCGGCCCTCTGGGCCACGACTGACGCTGAGGCGCGAAAGCT,g-Libanicoccus,Yes,Yes,,,,
CGTTGTCCGGAATTACTGGGTGTAAAGGGAGCGTAGGCGGGAGCGCAAGTTAAATGTTTAAACTATCGGCTCAACTGATAGTCGCGTTTAAAACTGCGTTTCTTGAGTGAAGTAGAGGCAGGCGGAATTCCTAGTGTAGCGGTGAAATGCGTAGATATTAGGAGGAACACCAGTGGCGAAGGCGGCCTGCTGGGCTTTAACTGACGCTGAGGCTCGAAAGCG,f-Ruminococcaceae,Yes,No,,,,
